symbol, name, currency, stockExchange, exchangeShortName
"AA","Alcoa Corporation","USD","New York Stock Exchange","NYSE",
"AAU","Almaden Minerals Ltd.","USD","American Stock Exchange","AMEX",
"AAT","American Assets Trust, Inc.","USD","New York Stock Exchange","NYSE",
"AAP","Advance Auto Parts, Inc.","USD","New York Stock Exchange","NYSE",
"AAN","The Aaron's Company, Inc.","USD","New York Stock Exchange","NYSE",
"AAM","American Axle & Manufacturing Hldngs Inc","null","null","null",
"AAL","American Airlines Group Inc.","USD","NASDAQ Global Select","NASDAQ",
"AAC","Ares Acquisition Corporation","USD","New York Stock Exchange","NYSE",
"AAA","AXS First Priority CLO Bond ETF","USD","New York Stock Exchange Arca","AMEX",
"AAXT","Aamaxan Transport Group, Inc.","USD","Other OTC","PNK",
"AAXJ","iShares MSCI All Country Asia ex Japan ETF","USD","NASDAQ Global Market","NASDAQ",
"AAWW","Atlas Air Worldwide Holdings, Inc.","USD","NASDAQ Global Select","NASDAQ",
"AAWH","Ascend Wellness Holdings, Inc.","USD","Other OTC","PNK",
"AATV","Adaptive Ad Systems, Inc.","USD","Other OTC","PNK",
"AATP","Agape ATP Corporation","USD","Other OTC","OTC",
"AATC","Autoscope Technologies Corporation","USD","OTC Markets OTCQX","PNK",
"AASP","Global Acquisitions Corporation","USD","Other OTC","PNK",
"AAQC","Accelerate Acquisition Corp.","USD","New York Stock Exchange","NYSE",
"AAPY","Kurv Yield Premium Strategy Apple (AAPL) ETF","USD","Cboe US","ETF",
"AAPU","Direxion Daily AAPL Bull 1.5X Shares","USD","NASDAQ Global Market","NASDAQ",
"AAPT","All American Pet Company, Inc.","USD","Other OTC","PNK",
"AAPL","Apple Inc.","USD","NASDAQ Global Select","NASDAQ",
"AAPJ","AAP, Inc.","USD","Other OTC","PNK",
"AAPD","Direxion Daily AAPL Bear 1X Shares","USD","NASDAQ Global Market","NASDAQ",
"AAPB","GraniteShares ETF Trust - GraniteShares 2x Long Tilray Daily ETF","USD","NASDAQ Global Market","NASDAQ",
"AAON","AAON, Inc.","USD","NASDAQ Global Select","NASDAQ",
"AAOI","Applied Optoelectronics, Inc.","USD","NASDAQ Global Market","NASDAQ",
"AAMU","AA Mission Acquisition Corp","null","null","null",
"AAME","Atlantic American Corporation","USD","NASDAQ Global Market","NASDAQ",
"AAMC","Altisource Asset Management Corporation","USD","American Stock Exchange","AMEX",
"AAIN","Arlington Asset Investment Corp","USD","New York Stock Exchange","NYSE",
"AAIC","Arlington Asset Investment Corp.","USD","New York Stock Exchange","NYSE",
"AAGR","African Agriculture Holdings Inc.","USD","NASDAQ Global Market","NASDAQ",
"AAGH","America Great Health","USD","Other OTC","OTC",
"AAGC","All American Gold Corp.","USD","Other OTC","PNK",
"AADR","AdvisorShares Dorsey Wright ADR ETF","USD","NASDAQ Global Market","NASDAQ",
"AADI","Aadi Bioscience, Inc.","USD","NASDAQ Capital Market","NASDAQ",
"AACT","Ares Acquisition Corporation II","USD","New York Stock Exchange","NYSE",
"AACS","American Commerce Solutions, Inc.","USD","Other OTC","PNK",
"AACI","Armada Acquisition Corp. I","USD","NASDAQ Global Market","NASDAQ",
"AACG","ATA Creativity Global","USD","NASDAQ Global Market","NASDAQ",
"AABB","Asia Broadband, Inc.","USD","Other OTC","PNK",
"AAAU","Goldman Sachs Physical Gold ETF","USD","BATS","ETF",
"AAZ.V","Azincourt Energy Corp.","CAD","Toronto Stock Exchange Ventures","TSXV",
"AAZ.L","Anglo Asian Mining PLC","GBp","London Stock Exchange","LSE",
"AAYYY","Australian Agricultural Company Limited","USD","Other OTC","PNK",
"AAX.V","Advance Lithium Corp.","CAD","Toronto Stock Exchange Ventures","TSXV",
"AAVXF","ABIVAX Société Anonyme","USD","Other OTC","PNK",
"AAVVF","Advantage Energy Ltd.","USD","Other OTC","PNK",
"AAVMY","ABN AMRO Bank N.V.","USD","Other OTC","PNK",
"AAU.V","Angold Resources Ltd.","CAD","Toronto Stock Exchange Ventures","TSXV",
"AAU.L","Ariana Resources plc","GBp","London Stock Exchange","LSE",
"AAUKF","Anglo American plc","USD","Other OTC","PNK",
"AAUGF","Angold Resources Ltd.","USD","Other OTC","PNK",
"AAT.V","ATI Airtest Technologies Inc.","CAD","Toronto Stock Exchange Ventures","TSXV",
"AATRL","Amg Capital Trust II","USD","Other OTC","PNK",
"AATGF","ATI Airtest Technologies Inc.","USD","Other OTC","PNK",
"AASZF","Atlantic Sapphire ASA","USD","Other OTC","PNK",
"AAS.L","abrdn Asia Focus plc","GBp","London Stock Exchange","LSE",
"AASCX","Thrivent Mid Cap Stock Fund Class A","USD","NASDAQ","NASDAQ",
"AARTY","Airtel Africa Plc","USD","Other OTC","PNK",
"AARTX","Stone Ridge Trust VIII","USD","Nasdaq","NASDAQ",
"AAQCW","Accelerate Acquisition Corp.","USD","Other OTC","PNK",
"AAN.V","Aton Resources Inc.","CAD","TSXV","TSX",
"AANTX","American Funds 2060 Target Date Retirement Fund","USD","NASDAQ","NASDAQ",
"AANNF","Aroundtown SA","USD","Other OTC","PNK",
"AAMTF","Armada Mercantile Ltd.","USD","Other OTC","PNK",
"AAMMF","Almadex Minerals Ltd.","USD","Other OTC","PNK",
"AAMAF","Atlas Mara Limited","USD","Other OTC","PNK",
"AALTX","American Funds 2050 Trgt Date Retire A","USD","Nasdaq","NASDAQ",
"AAL.L","Anglo American plc","GBp","London Stock Exchange","LSE",
"AALBF","Aalberts N.V.","USD","Other OTC","PNK",
"AAISX","American Beacon International Equity Fund Advisor Class","USD","NASDAQ","NASDAQ",
"AAIRF","American Aires Inc.","USD","Other OTC","PNK",
"AAIPX","American Beacon International Equity Fund Investor Class","USD","NASDAQ","NASDAQ",
"AAIIQ","Alabama Aircraft Industries, Inc","USD","Other OTC","PNK",
"AAIGF","AIA Group Limited","USD","Other OTC","PNK",
"AAIEX","American Beacon International Equity Fund","USD","NASDAQ","NASDAQ",
"AAIDX","Axonic Alternative Income Fund","USD","Nasdaq","NASDAQ",
"AAG.V","Aftermath Silver Ltd.","CAD","Toronto Stock Exchange Ventures","TSXV",
"AAGTX","American Funds 2040 Target Date Retirement Fund Class A","USD","NASDAQ","NASDAQ",
"AAGRY","PT Astra Agro Lestari Tbk","USD","Other OTC","PNK",
"AAGRW","African Agriculture Holdings Inc.","USD","NASDAQ Global Market","NASDAQ",
"AAGPX","American Beacon Large Cap Value Fund Investor Class","USD","NASDAQ","NASDAQ",
"AAGIY","AIA Group Limited","USD","Other OTC","PNK",
"AAGFF","Aftermath Silver Ltd.","USD","Other OTC","PNK",
"AAGEF","AAG Energy Holdings Limited","USD","Other OTC","PNK",
"AAFTX","American Funds 2035 Target Date Retirement Fund","USD","NASDAQ","NASDAQ",
"AAFRF","Airtel Africa Plc","USD","Other OTC","PNK",
"AAF.L","Airtel Africa Plc","GBp","London Stock Exchange","LSE",
"AAEEF","Altair Resources Inc.","USD","Other OTC","PNK",
"AADEX","American Beacon Large Cap Value R5","USD","Nasdaq","NASDAQ",
"AADBX","American Beacon Balanced Fund R5 Class","USD","NASDAQ","NASDAQ",
"AACTF","Aurora Solar Technologies Inc.","USD","Other OTC","PNK",
"AACQU","Artius Acquisition Inc.","USD","NASDAQ Global Select","NASDAQ",
"AACIW","Armada Acquisition Corp. I","USD","NASDAQ Global Market","NASDAQ",
"AACIU","Armada Acquisition Corp. I","USD","NASDAQ Global Market","NASDAQ",
"AACAY","AAC Technologies Holdings Inc.","USD","Other OTC","PNK",
"AACAF","AAC Technologies Holdings Inc.","USD","Other OTC","PNK",
"AABVF","Aberdeen International Inc.","USD","Other OTC","PNK",
"AABPX","American Beacon Balanced Fund","USD","NASDAQ","NASDAQ",
"AAALY","Aareal Bank AG","USD","Other OTC","PNK",
"AAALF","Aareal Bank AG","USD","Other OTC","PNK",
"AAACX","Alpha Alternative Assets Fund","USD","Nasdaq","NASDAQ",
"AA4.L","Amedeo Air Four Plus Limited","GBp","London Stock Exchange","LSE",
"AAGUSD","AAG USD","USD","CCC","CRYPTO",
"AAAUSD","Abulaba USD","USD","CCC","CRYPTO",
"AAV.TO","Advantage Energy Ltd.","CAD","Toronto Stock Exchange","TSX",
"AAVC.L","Albion Venture Capital Trust PLC","GBp","London Stock Exchange","LSE",
"AAV.BK","Asia Aviation Public Company Limited","THB","Thailand","SET",
"AAU.AX","Antilles Gold Limited","AUD","Australian Securities Exchange","ASX",
"AAT.WA","Alta S.A.","PLN","Warsaw Stock Exchange","WSE",
"AATG.L","Albion Technology & General VCT PLC","GBp","London Stock Exchange","LSE",
"AASU.L","Amundi Index Solutions - Amundi MSCI Em Asia UCITS ETF-C USD","USD","London Stock Exchange","LSE",
"AASG.L","Amundi Index Solutions - Amundi MSCI Em Asia UCITS ETF-C USD","GBp","London Stock Exchange","LSE",
"AAR.AX","Astral Resources NL","AUD","Australian Securities Exchange","ASX",
"AAPS.L","Leverage Shares 3x Short Apple (AAPL) ETP Securities","USD","London Stock Exchange","LSE",
"AAPL.L","LEVERAGE SHARES PUBLIC LIMITED ","GBp","London Stock Exchange","LSE",
"AAPE.L","Leverage Shares 2x Apple ETC A","EUR","London Stock Exchange","LSE",
"AAP.AX","Australian Agricultural Projects Ltd","AUD","Australian Securities Exchange","ASX",
"AAP3.L","Leverage Shares 3x Apple ETC","USD","London Stock Exchange","LSE",
"AAP2.L","Leverage Shares 2x Apple ETC A","USD","London Stock Exchange","LSE",
"AAP1.L","LEVERAGE SHARES PUBLIC LIMITED ","EUR","London Stock Exchange","LSE",
"AAM.SW","Anglo American plc","CHF","Swiss Exchange","SIX",
"AAM-PB","Apollo Global Management, Inc.","USD","New York Stock Exchange","NYSE",
"AAM-PA","Apollo Global Management, Inc.","USD","New York Stock Exchange","NYSE",
"AAM.AX","AuMEGA Metals Ltd","AUD","Australian Securities Exchange","ASX",
"AALI.V","Advance Lithium Corp.","CAD","Toronto Stock Exchange Ventures","TSXV",
"AAL.BO","A-1 Acid Limited","INR","Bombay Stock Exchange","BSE",
"AAL.AX","Alfabs Australia Limited","AUD","Australian Securities Exchange","ASX",
"AAK.ST","AAK AB (publ.)","SEK","Stockholm Stock Exchange","STO",
"AAJ.AX","Aruma Resources Limited","AUD","Australian Securities Exchange","ASX",
"AAIF.L","abrdn Asian Income Fund Limited","GBp","London Stock Exchange","LSE",
"AAI.BK","Asian Alliance International Public Company Limited","THB","Thailand","SET",
"AAI.AX","Alcoa Corporation","AUD","Australian Securities Exchange","ASX",
"AAG.DE","Aumann AG","EUR","Frankfurt Stock Exchange","XETRA",
"AAEV.L","Albion Enterprise VCT PLC","GBp","London Stock Exchange","LSE",
"AADV.L","Albion Development VCT PLC","GBp","London Stock Exchange","LSE",
"AAD.DE","Amadeus FiRe AG","EUR","Frankfurt Stock Exchange","XETRA",
"AAC-WT","Ares Acquisition Corporation Re","USD","New York Stock Exchange","NYSE",
"AAC-UN","Ares Acquisition Corporation","USD","New York Stock Exchange","NYSE",
"AAC.ST","AAC Clyde Space AB (publ)","SEK","Stockholm Stock Exchange","STO",
"AAC.PA","Accor Acquisition Company S.A.","EUR","Paris","EURONEXT",
"AAC.AX","Australian Agricultural Company Limited","AUD","Australian Securities Exchange","ASX",
"AAB.TO","Aberdeen International Inc.","CAD","Toronto Stock Exchange","TSX",
"AAB.CO","Aalborg Boldspilklub A/S","DKK","Copenhagen","CPH",
"AAAP.L","Anglo African Agriculture Plc","GBp","London Stock Exchange","LSE",
"AAA.PA","Alan Allman Associates","EUR","Paris","EURONEXT",
"AAA.AX","BetaShares Australian High Interest Cash ETF","AUD","Australian Securities Exchange","ASX",
"AAA.AS","AP Alternative Assets LP","USD","Amsterdam","EURONEXT",
"AAVEUSD","Aave USD","USD","CCC","CRYPTO",
"AARTUSD","All.Art Protocol USD","USD","CCC","CRYPTO",
"AAPXUSD","AMPnet Asset Platform and Exchange USD","USD","CCC","CRYPTO",
"AAUC.TO","Allied Gold Corporation","CAD","Toronto Stock Exchange","TSX",
"AASU.SW","Amundi Index Solutions - Amundi MSCI Em Asia UCITS ETF-C USD","USD","Swiss Exchange","SIX",
"AASI.PA","Amundi Index Solutions - Amundi MSCI Em Asia","EUR","Paris","EURONEXT",
"AASB.OL","Aasen Sparebank","NOK","Oslo Stock Exchange","OSL",
"AAQC-WT","Accelerate Acquisition Corp.","USD","New York Stock Exchange","NYSE",
"AAQC-UN","Accelerate Acquisition Corp.","USD","New York Stock Exchange","NYSE",
"AAQ1.DE","aap Implantate AG","EUR","Frankfurt Stock Exchange","XETRA",
"AAPL.NE","Apple Inc.","CAD","NEO","NEO",
"AAPL.MX","Apple Inc.","MXN","Mexico","MEX",
"AAPL.DE","15994","EUR","Frankfurt Stock Exchange","XETRA",
"AALI.JK","PT Astra Agro Lestari Tbk","IDR","Jakarta Stock Exchange","JKT",
"AALB.AS","Aalberts N.V.","EUR","Amsterdam","EURONEXT",
"AAIL.BO","Akar Auto Industries Limited","INR","Bombay Stock Exchange","BSE",
"AAIC-PC","Arlington Asset Investment Corp.","USD","New York Stock Exchange","NYSE",
"AAIC-PB","Arlington Asset Investment Corp.","USD","New York Stock Exchange","NYSE",
"AADA.SW","21Shares Cardano ETP","CHF","Swiss Exchange","SIX",
"AADA.PA","21Shares Cardano ETP","EUR","Paris","BRU",
"AACT-UN","Ares Acquisition Corporation II","USD","New York Stock Exchange","NYSE",
"AAAK.AT","Wool Industry Tria Alfa S.A.","EUR","Athens","ATH",
"AAVAS.NS","Aavas Financiers Limited","INR","National Stock Exchange of India","NSE",
"AAVAS.BO","Aavas Financiers Limited","INR","Bombay Stock Exchange","BSE",
"AARVI.NS","Aarvi Encon Limited","INR","National Stock Exchange of India","NSE",
"AARON.NS","Aaron Industries Limited","INR","National Stock Exchange of India","NSE",
"AALR3.SA","Centro de Imagem Diagnósticos S.A.","BRL","São Paulo","SAO",
"AAYUSH.BO","Aayush Food and Herbs Limited","INR","Bombay Stock Exchange","BSE",
"AASHKA.BO","Aashka Hospitals Limited","INR","Bombay Stock Exchange","BSE",
"AARNAV.BO","AARNAV FASHIONS LIMITED","INR","Bombay Stock Exchange","BSE",
"AALLON.HE","Aallon Group Oyj","EUR","Helsinki","HEL",
"AAKASH.NS","Aakash Exploration Services Limited","INR","National Stock Exchange of India","NSE",
"AARTECH.NS","Aartech Solonics Ltd","INR","National Stock Exchange of India","NSE",
"AARTECH.BO","Aartech Solonics Limited","INR","Bombay Stock Exchange","BSE",
"AADIIND.BO","Aadi Industries Limited","INR","Bombay Stock Exchange","BSE",
"AAATECH.NS","AAA Technologies Limited","INR","National Stock Exchange of India","NSE",
"AAATECH.BO","AAA Technologies Limited","INR","Bombay Stock Exchange","BSE",
"AASTAFIN.BO","Aastamangalam Finance Limited","INR","Bombay Stock Exchange","BSE",
"AARTIIND.NS","Aarti Industries Limited","INR","National Stock Exchange of India","NSE",
"AARTIIND.BO","Aarti Industries Limited","INR","Bombay Stock Exchange","BSE",
"AARSHYAM.BO","Aar Shyam India Investment Com","INR","Bombay Stock Exchange","BSE",
"AADA-USD.SW","21Shares Cardano ETP","USD","Swiss Exchange","SIX",
"AADA-USD.AS","21Shares Cardano ETP","USD","Amsterdam","AMS",
"AARVEEDEN.NS","Aarvee Denims and Exports Ltd.","INR","National Stock Exchange of India","NSE",
"AARVEEDEN.BO","Aarvee Denims and Exports Ltd.","INR","Bombay Stock Exchange","BSE",
"AARTISURF.NS","Aarti Surfactants Limited","INR","National Stock Exchange of India","NSE",
"AARTISURF.BO","Aarti Surfactants Limited","INR","Bombay Stock Exchange","BSE",
"AARTIPHARM.NS","Aarti Pharmalabs Limited","INR","National Stock Exchange of India","NSE",
"AARTIPHARM.BO","Aarti Pharmalabs Limited","INR","Bombay Stock Exchange","BSE",
"AARTIDRUGS.NS","Aarti Drugs Limited","INR","National Stock Exchange of India","NSE",
"AARTIDRUGS.BO","Aarti Drugs Limited","INR","Bombay Stock Exchange","BSE",
"AAREYDRUGS.NS","Aarey Drugs & Pharmaceuticals Limited","INR","National Stock Exchange of India","NSE",
"AAPLUSTRAD.BO","AA Plus Tradelink Limited","INR","Bombay Stock Exchange","BSE",
"AANCHALISP.BO","Aanchal Ispat Limited","INR","Bombay Stock Exchange","BSE",
"AANANDALAK.BO","Aananda Lakshmi Spinning Mills Limited","INR","Bombay Stock Exchange","BSE",
"AIR","AAR Corp.","USD","New York Stock Exchange","NYSE",
"ADAIUSD","Aave DAI USD","USD","CCC","CRYPTO",
"ABATUSD","Aave BAT USD","USD","CCC","CRYPTO",
"ALINKUSD","Aave LINK USD","USD","CCC","CRYPTO",
"0NX1.IL","Aalberts N.V.","EUR","International Order Book","IOB",
"GHSTUSD","Aavegotchi USD","USD","CCC","CRYPTO",
"AENJUSD","Aave Enjin USD","USD","CCC","CRYPTO",
"ARLN.F","Aareal Bank AG","EUR","Frankfurt Stock Exchange","XETRA",
"ARLN.DE","Aareal Bank AG","EUR","XETRA","XETRA",
"ARL.DE","Aareal Bank AG","EUR","Frankfurt Stock Exchange","XETRA",
"ARHUF","AAK AB (publ.)","USD","Other OTC","PNK",
"AETHUSD","Aave Ethereum USD","USD","CCC","CRYPTO",
"FUDUSD","Aavegotchi FUD USD","USD","CCC","CRYPTO",
"TRFM","AAM Transformers ETF","USD","New York Stock Exchange Arca","AMEX",
"6579.TW","AAEON Technology Inc.","TWD","Taiwan","TAI",
"ROCAF","Aardvark Ventures Inc.","USD","Other OTC","PNK",
"AHCS.QA","Aamal Company Q.P.S.C.","QAR","Qatar","DOH",
"ACCMF","AAC Clyde Space AB (publ)","USD","Other OTC","PNK",
"2686.HK","AAG Energy Holdings Limited","HKD","HKSE","HKSE",
"2018.HK","AAC Technologies Holdings Inc.","HKD","HKSE","HKSE",
"0GFN.L","AAC CLYDE SPACE AB AAC CLYDE SP","SEK","London Stock Exchange","LSE",
"BDIV","AAM Brentview Dividend Growth ETF","USD","New York Stock Exchange Arca","AMEX",
"SPDV","AAM S&P 500 High Dividend Value ETF","USD","New York Stock Exchange Arca","AMEX",
"AH-R.BK","AAPICO Hitech Public Company Limited","THB","Thailand","SET",
"AH.BK","AAPICO Hitech Public Company Limited","THB","Thailand","SET",
"AREYDRG.BO","Aarey Drugs & Pharmaceuticals Limited","INR","Bombay Stock Exchange","BSE",
"603580.SS","AA Industrial Belting (Shanghai) Co.,Ltd","CNY","Shanghai","SHH",
"SAWS","AAM Sawgrass U.S. Small Cap Quality Growth ETF","USD","New York Stock Exchange Arca","AMEX",
"SAWG","AAM Sawgrass U.S. Large Cap Quality Growth ETF","USD","New York Stock Exchange Arca","AMEX",
"EEMD","AAM S&P Emerging Markets High Dividend Value ETF","USD","New York Stock Exchange Arca","AMEX",
"SMIG","AAM Bahl & Gaynor Small/Mid Cap Income Growth ETF","USD","New York Stock Exchange Arca","AMEX",
"DMDV","AAM S&P Developed Markets High Dividend Value ETF","USD","New York Stock Exchange Arca","AMEX",
"PFLD","AAM Low Duration Preferred and Income Securities ETF","USD","New York Stock Exchange Arca","AMEX",
"UAA","Under Armour, Inc.","USD","New York Stock Exchange","NYSE",
"SAA","ProShares Ultra SmallCap600","USD","New York Stock Exchange Arca","AMEX",
"PAA","Plains All American Pipeline, L.P.","USD","NASDAQ Global Select","NASDAQ",
"MAA","Mid-America Apartment Communities, Inc.","USD","New York Stock Exchange","NYSE",
"IAA","IAA, Inc.","USD","New York Stock Exchange","NYSE",
"GAA","Cambria Global Asset Allocation ETF","USD","BATS","ETF",
"CAA","1152","USD","New York Stock Exchange","NYSE",
"ZAAG","ZA Group Inc.","USD","Other OTC","PNK",
"TAAG","Trend Aggregation Growth ETF","USD","New York Stock Exchange Arca","AMEX",
"RAAX","VanEck Inflation Allocation ETF","USD","New York Stock Exchange Arca","AMEX",
"RAAS","Cloopen Group Holding Limited","USD","New York Stock Exchange","NYSE",
"RAAC","Revolution Acceleration Acquisition Corp","USD","NASDAQ Global Select","NASDAQ",
"PAAS","Pan American Silver Corp.","USD","NASDAQ Global Select","NASDAQ",
"PAAA","PGIM AAA CLO ETF","USD","New York Stock Exchange Arca","AMEX",
"NAAS","NaaS Technology Inc.","USD","NASDAQ Capital Market","NASDAQ",
"NAAC","North Atlantic Acquisition Corporation","USD","NASDAQ Capital Market","NASDAQ",
"MAAX","VanEck Muni Allocation ETF","USD","BATS","ETF",
"MAAQ","Mana Capital Acquisition Corp.","USD","NASDAQ Global Market","NASDAQ",
"MAAL","The Marketing Alliance, Inc.","USD","Other OTC","PNK",
"MAAC","Montes Archimedes Acquisition Corp.","USD","NASDAQ Capital Market","NASDAQ",
"LAAC","Lithium Americas (Argentina) Corp.","USD","New York Stock Exchange","NYSE",
"LAAB","Startech Labs, Inc.","USD","Other OTC","PNK",
"LAAA","Lakeshore Acquisition I Corp.","USD","NASDAQ Capital Market","NASDAQ",
"JAAA","Janus Henderson AAA CLO ETF","USD","New York Stock Exchange Arca","AMEX",
"HAAC","Health Assurance Acquisition Corp.","USD","NASDAQ Capital Market","NASDAQ",
"FAAS","DigiAsia Corp.","USD","NASDAQ Global Market","NASDAQ",
"FAAR","First Trust Alternative Absolute Return Strategy ETF","USD","NASDAQ Global Market","NASDAQ",
"DAAT","DAC Technologies Group International, Inc.","USD","Other OTC","PNK",
"CAAS","China Automotive Systems, Inc.","USD","NASDAQ Capital Market","NASDAQ",
"CAAP","Corporación América Airports S.A.","USD","New York Stock Exchange","NYSE",
"CAAA","First Trust Commercial Mortgage Opportunities ETF","USD","New York Stock Exchange Arca","AMEX",
"XAARF","Xaar plc","USD","Other OTC","PNK",
"WAAEX","Wasatch Small Cap Growth Fund Investor Class","USD","NASDAQ","NASDAQ",
"TAALF","Taal Distributed Information Technologies Inc.","USD","Other OTC","PNK",
"TAAIX","Thrivent Aggressive Allocation Fund Class S","USD","NASDAQ","NASDAQ",
"TAAGX","Timothy Plan Aggressive Growth Fund","USD","NASDAQ","NASDAQ",
"TAAAX","Thrivent Aggressive Allocation Fund Class A","USD","NASDAQ","NASDAQ",
"SAA.L","M&C Saatchi plc","GBp","London Stock Exchange","LSE",
"SAAGF","Shanta Gold Limited","USD","Other OTC","PNK",
"SAAFY","Saras S.p.A.","USD","Other OTC","PNK",
"SAABY","Saab AB (publ)","USD","Other OTC","PNK",
"SAABF","Saab AB (publ)","USD","Other OTC","PNK",
"RAASY","Cloopen Group Holding Limited","USD","OTC Markets EXMKT","PNK",
"RAANX","Altegris/AACA Opportunistic Real Estate Fund N","USD","NASDAQ","NASDAQ",
"RAAIX","Altegris/AACA Opportunistic Real Estate Fund I","USD","NASDAQ","NASDAQ",
"RAACW","Revolution Acceleration Acquisition Corp","USD","NASDAQ Global Select","NASDAQ",
"RAACU","Revolution Acceleration Acquisition Corp","USD","NASDAQ Global Select","NASDAQ",
"RAAAX","Altegris/AACA Opportunistic Real Estate Fund","USD","NASDAQ","NASDAQ",
"PAASF","PAN AMERICAN SILVER CORP","USD","Other OTC","PNK",
"PAANF","Pan American Energy Corp.","USD","Other OTC","PNK",
"NAACW","North Atlantic Acquisition Corporation","USD","NASDAQ Capital Market","NASDAQ",
"NAACU","North Atlantic Acquisition Corporation","USD","NASDAQ Capital Market","NASDAQ",
"MAAQW","Mana Capital Acquisition Corp.","USD","NASDAQ Global Market","NASDAQ",
"MAAQU","Mana Capital Acquisition Corp.","USD","NASDAQ Global Market","NASDAQ",
"MAAQR","Mana Capital Acquisition Corp.","USD","NASDAQ Global Market","NASDAQ",
"MAANF","Maanshan Iron & Steel Company Limited","USD","Other OTC","PNK",
"MAAGX","MFS Aggressive Growth Allocation Fund","USD","NASDAQ","NASDAQ",
"MAAFF","MagIndustries Corp.","USD","Other OTC","PNK",
"MAACU","Montes Archimedes Acquisition Corp.","USD","NASDAQ Capital Market","NASDAQ",
"LAAAW","Lakeshore Acquisition I Corp.","USD","NASDAQ Capital Market","NASDAQ",
"LAAAU","Lakeshore Acquisition I Corp.","USD","NASDAQ Capital Market","NASDAQ",
"JAAIX","John Hancock Fds II, Alternative Asset Allocation Fund Class I","USD","NASDAQ","NASDAQ",
"JAAAX","John Hancock Fds II Alternative Asset Allocation Fund Class A","USD","NASDAQ","NASDAQ",
"IAALF","IBC Advanced Alloys Corp.","USD","Other OTC","PNK",
"HAATF","Haad Thip Public Company Limited","USD","Other OTC","PNK",
"HAACW","Health Assurance Acquisition Corp.","USD","NASDAQ Capital Market","NASDAQ",
"HAACU","Health Assurance Acquisition Corp.","USD","NASDAQ Capital Market","NASDAQ",
"GAAEX","Guinness Atkinson Alternative Energy Fund","USD","NASDAQ","NASDAQ",
"FAATX","American Funds 2010 Target Date Retirement Fd Cl F-1","USD","NASDAQ","NASDAQ",
"FAASX","Fidelity Asset Manager 70% Fund","USD","NASDAQ","NASDAQ",
"FAASW","DigiAsia Corp.","USD","NASDAQ Global Market","NASDAQ",
"FAAIX","Fidelity Advisor Asset Manager 70% Fund Class I","USD","NASDAQ","NASDAQ",
"EAATF","Earthworks Industries Inc.","USD","Other OTC","PNK",
"EAALX","Eaton Vance Atlanta Capital Focused Growth Fund Class A","USD","NASDAQ","NASDAQ",
"EAAAX","Gabelli Enterprise Mergers and Acquisitions Fund AAA","USD","NASDAQ","NASDAQ",
"CAAPX","Ariel Appreciation Fund","USD","NASDAQ","NASDAQ",
"CAAOF","INDVR Brands Inc.","USD","Other OTC","PNK",
"WAA.BO","Waa Solar Limited","INR","Bombay Stock Exchange","BSE",
"WAA.AX","WAM Active Limited","AUD","Australian Securities Exchange","ASX",
"SAAS.L","Microlise Group plc","GBp","London Stock Exchange","LSE",
"SAAA.L","iShares Global AAA-AA Govt Bond UCITS ETF USD (Dist)","GBP","London Stock Exchange","LSE",
"RAA.SW","RATIONAL Aktiengesellschaft","EUR","Swiss Exchange","SIX",
"RAA.DE","RATIONAL Aktiengesellschaft","EUR","Frankfurt Stock Exchange","XETRA",
"PAA.AX","PharmAust Limited","AUD","Australian Securities Exchange","ASX",
"MAA-PI","Mid-America Apartment Communities, Inc.","USD","New York Stock Exchange","NYSE",
"IAA.AX","iShares Asia 50 ETF (AU)","AUD","Australian Securities Exchange","ASX",
"IAAA.L","iShares Global AAA-AA Govt Bond UCITS ETF USD (Dist)","USD","London Stock Exchange","LSE",
"HAA1.F","Hana Microelectronics Public Company Limited","EUR","Frankfurt Stock Exchange","XETRA",
"GAAA.L","iShares Global AAA-AA Govt Bond UCITS ETF","USD","London Stock Exchange","LSE",
"FAAN.L","LS FAANG+ ETP","GBp","London Stock Exchange","LSE",
"FAA.DE","Fabasoft AG","EUR","Frankfurt Stock Exchange","XETRA",
"EAAS.L","eEnergy Group Plc","GBp","London Stock Exchange","LSE",
"CAA.JO","CA Sales Holdings Limited","ZAc","Johannesburg","JNB",
"CAA.AX","Capral Limited","AUD","Australian Securities Exchange","ASX",
"2AAP.L","Leverage Shares 2x Apple ETC A","GBp","London Stock Exchange","LSE",
"1AAP.L","LS 1x Apple Tracker ETC","USD","London Stock Exchange","LSE",
"0AAW.L","Brockhaus Technologies AG","EUR","London Stock Exchange","LSE",
"0AAJ.L","PolyPeptide Group AG","CHF","London Stock Exchange","LSE",
"0AAI.L","Montana Aerospace AG","CHF","London Stock Exchange","LSE",
"TAASUSD","TaaS USD","USD","CCC","CRYPTO",
"PAALUSD","PAAL AI USD","USD","CCC","CRYPTO",
"NAALUSD","Ethernaal USD","USD","CCC","CRYPTO",
"YAAC.TA","Ya'acobi Brothers Group (YSB) Ltd","ILA","Tel Aviv","TLV",
"XAAG.DE","Invesco Bloomberg Commodity ex-Agriculture UCITS ETF","EUR","Frankfurt Stock Exchange","XETRA",
"TAAT.CN","TAAT Global Alternatives Inc.","CAD","Canadian Securities Exchange","CNQ",
"TAAL.CN","Taal Distributed Information Technologies Inc.","CAD","Canadian Securities Exchange","CNQ",
"SAAM.BK","SAAM Development Public Company Limited","THB","Thailand","SET",
"PAAS.TO","Pan American Silver Corp.","CAD","Toronto Stock Exchange","TSX",
"PAAS.BA","Pan American Silver Corp.","ARS","Buenos Aires","BUE",
"MAAT.PA","MaaT Pharma SA","EUR","Paris","EURONEXT",
"LAAC.TO","Lithium Americas (Argentina) Corp.","CAD","Toronto Stock Exchange","TSX",
"YAARI.NS","Yaari Digital Integrated Services Limited","INR","National Stock Exchange of India","NSE",
"YAARI.BO","Yaari Digital Integrated Services Limited","INR","Bombay Stock Exchange","BSE",
"TAALA.HE","Taaleri Oyj","EUR","Helsinki","HEL",
"SAA1V.HE","Sanoma Oyj","EUR","Helsinki","HEL",
"PAASI.PA","Amundi ETF PEA MSCI Emerging Asia UCITS ETF","EUR","Paris","EURONEXT",
"YAARII.NS","Yaari Digital Integrated Services Limited","INR","National Stock Exchange of India","NSE",
"WAAREE.BO","WAAREE TECHNOLOGIES LIMITED","INR","Bombay Stock Exchange","BSE",
"VAARAD.BO","Vaarad Ventures Limited","INR","Bombay Stock Exchange","BSE",
"SAAB-B.ST","Saab AB (publ)","SEK","Stockholm Stock Exchange","STO",
"PAAL-B.CO","Per Aarsleff Holding A/S","DKK","Copenhagen","CPH",
"DAAWAT.NS","LT Foods Limited","INR","National Stock Exchange of India","NSE",
"YAANENT.BO","YAAN ENTERPRISES LIMITED","INR","Bombay Stock Exchange","BSE",
"TAALENT.BO","TAAL Enterprises Limited","INR","Bombay Stock Exchange","BSE",
"MAANALU.NS","Maan Aluminium Limited","INR","National Stock Exchange of India","NSE",
"MAANALU.BO","Maan Aluminium Limited","INR","Bombay Stock Exchange","BSE",
"TAAZAINT.BO","Taaza International Limited","INR","Bombay Stock Exchange","BSE",
"RAAJMEDI.BO","Raaj Medisafe India Limited","INR","Bombay Stock Exchange","BSE",
"MAAGHADV.BO","MAAGH ADVERTISING AND MARKETIN","INR","Bombay Stock Exchange","BSE",
"WAAREERTL.BO","WAAREE RENEWABLE TECHNOLOGIES","INR","Bombay Stock Exchange","BSE",
"KAARYAFSL.BO","Kaarya Facilities and Services","INR","Bombay Stock Exchange","BSE",
"XAR.L","Xaar plc","GBp","London Stock Exchange","LSE",
"BXXUSD","Baanx USD","USD","CCC","CRYPTO",
"RDAR","Raadr, Inc.","USD","Other OTC","PNK",
"0GWL.L","Saab AB (publ)","SEK","London Stock Exchange","LSE",
"KAL.JO","Kaap Agri Limited","ZAc","Johannesburg","JNB",
"KANP","Kaanapali Land, LLC","USD","Other OTC","OTC",
"EGY.L","VAALCO Energy, Inc.","GBp","London Stock Exchange","LSE",
"EGY","VAALCO Energy, Inc.","USD","New York Stock Exchange","NYSE",
"002030.SZ","Daan Gene Co., Ltd.","CNY","Shenzhen","SHZ",
"2112.HK","CAA Resources Limited","HKD","HKSE","HKSE",
"4051.SR","Baazeem Trading Company","SAR","Saudi","SAU",
"MGH.AX","MAAS Group Holdings Limited","AUD","Australian Securities Exchange","ASX",
"TOBAF","TAAT Global Alternatives Inc.","USD","Other OTC","PNK",
"BWB.DE","Baader Bank Aktiengesellschaft","EUR","Frankfurt Stock Exchange","XETRA",
"HTC.BK","Haad Thip Public Company Limited","THB","Thailand","SET",
"600808.SS","Maanshan Iron & Steel Company Limited","CNY","Shanghai","SHH",
"0323.HK","Maanshan Iron & Steel Company Limited","HKD","HKSE","HKSE",
"BROCK.BK","Baan Rock Garden Public Company Limited","THB","Thailand","SET",
"UTAA","UTA Acquisition Corporation","USD","NASDAQ Global Market","NASDAQ",
"URAA","Direxion Shares ETF Trust","null","New York Stock Exchange Arca","AMEX",
"TRAA","Traack Technologies Inc.","USD","Other OTC","PNK",
"TGAA","Target Global Acquisition I Corp.","USD","NASDAQ Global Market","NASDAQ",
"STAA","STAAR Surgical Company","USD","NASDAQ Global Market","NASDAQ",
"SSAA","Science Strategic Acquisition Corp. Alpha","USD","NASDAQ Capital Market","NASDAQ",
"SMAA","SMA Alliance, Inc.","USD","Other OTC","PNK",
"PRAA","PRA Group, Inc.","USD","NASDAQ Global Select","NASDAQ",
"OHAA","OPY Acquisition Corp. I","USD","NASDAQ Global Market","NASDAQ",
"OGAA","Organic Agricultural Company Limited","USD","Other OTC","PNK",
"MPAA","Motorcar Parts of America, Inc.","USD","NASDAQ Global Select","NASDAQ",
"MCAA","Mountain & Co. I Acquisition Corp.","USD","NASDAQ Global Market","NASDAQ",
"LPAA","Launch One Acquisition Corp.","USD","NASDAQ Global Market","NASDAQ",
"LHAA","Lerer Hippeau Acquisition Corp.","USD","NASDAQ Capital Market","NASDAQ",
"LCAA","L Catterton Asia Acquisition Corp","USD","NASDAQ Capital Market","NASDAQ",
"JHAA","Nuveen Corporate Income 2023 Target Term Fund","USD","New York Stock Exchange","NYSE",
"ISAA","Iron Spark I Inc.","USD","NASDAQ Capital Market","NASDAQ",
"IRAA","Iris Acquisition Corp","USD","NASDAQ Capital Market","NASDAQ",
"HRAA","Health Revenue Assurance Holdings, Inc.","USD","Other OTC","OTC",
"GGAA","Genesis Growth Tech Acquisition Corp.","USD","NASDAQ Global Market","NASDAQ",
"FWAA","Fifth Wall Acquisition Corp. I","USD","NASDAQ Capital Market","NASDAQ",
"FTAA","FTAC Athena Acquisition Corp.","USD","NASDAQ Capital Market","NASDAQ",
"EFAA","Invesco MSCI EAFE Income Advantage ETF","USD","New York Stock Exchange Arca","AMEX",
"DNAA","Social Capital Suvretta Holdings Corp. I","USD","NASDAQ Capital Market","NASDAQ",
"CPAA","Conyers Park III Acquisition Corp.","USD","NASDAQ Capital Market","NASDAQ",
"CLAA","Colonnade Acquisition Corp. II","USD","New York Stock Exchange","NYSE",
"CHAA","Catcha Investment Corp","USD","New York Stock Exchange","NYSE",
"AZAA","AllianzIM U.S. Large Cap Buffer10 Apr ETF","USD","New York Stock Exchange Arca","AMEX",
"VLAAX","Value Line Asset Allocation Fund Investor Class","USD","NASDAQ","NASDAQ",
"VIAAY","Flughafen Wien Aktiengesellschaft","USD","Other OTC","PNK",
"VIAAX","Vanguard International Dividend Appreciation Index Fund Admiral Shares","USD","NASDAQ","NASDAQ",
"UTAAW","UTA Acquisition Corporation","USD","NASDAQ Global Market","NASDAQ",
"UTAAU","UTA Acquisition Corporation","USD","NASDAQ Global Market","NASDAQ",
"USAAX","USAA Mutual Funds Trust - USAA Growth Fund","USD","NASDAQ","NASDAQ",
"UBAAF","Urbana Corporation","USD","Other OTC","PNK",
"TQAAX","T. Rowe Price QM U.S. Small-Cap Growth Equity Fund Advisor Class","USD","NASDAQ","NASDAQ",
"TGAAW","Target Global Acquisition I Corp.","USD","NASDAQ Global Market","NASDAQ",
"TGAAU","Target Global Acquisition I Corp.","USD","NASDAQ Global Market","NASDAQ",
"SYAAF","Syrah Resources Limited","USD","Other OTC","PNK",
"SSAAY","SSAB AB (publ)","USD","Other OTC","PNK",
"SSAAW","Science Strategic Acquisition Corp. Alpha","USD","NASDAQ Capital Market","NASDAQ",
"SSAAU","Science Strategic Acquisition Corp. Alpha","USD","NASDAQ Capital Market","NASDAQ",
"SSAAF","SSAB AB (publ)","USD","Other OTC","PNK",
"SLAAF","Sitios Latinoamérica, S.A.B. de C.V.","USD","Other OTC","PNK",
"SFAAX","Allspring Index Asset Allocation Fund Class A","USD","NASDAQ","NASDAQ",
"RYAAY","Ryanair Holdings plc","USD","NASDAQ Global Select","NASDAQ",
"RGAAX","The Growth Fund of America Class R-1 Shares","USD","NASDAQ","NASDAQ",
"QCAAF","Quinsam Capital Corporation","USD","Other OTC","PNK",
"PPAAY","PT Perusahaan Gas Negara Tbk","USD","Other OTC","PNK",
"PPAAF","PT Perusahaan Gas Negara Tbk","USD","Other OTC","PNK",
"OSAAW","ProSomnus, Inc.","USD","NASDAQ Global Market","NASDAQ",
"ORAAF","Aura Minerals Inc.","USD","Other OTC","PNK",
"OHAAW","OPY Acquisition Corp. I","USD","NASDAQ Global Market","NASDAQ",
"OHAAU","OPY Acquisition Corp. I","USD","NASDAQ Global Market","NASDAQ",
"NVAAF","Nova Minerals Limited","USD","Other OTC","PNK",
"MRAAY","Murata Manufacturing Co., Ltd.","USD","Other OTC","PNK",
"MRAAF","Murata Manufacturing Co., Ltd.","USD","Other OTC","PNK",
"MLAAX","MainStay Large Cap Growth Fund Class A","USD","NASDAQ","NASDAQ",
"MGAAF","Morinaga&Co., Ltd.","USD","Other OTC","PNK",
"MCAAW","Mountain & Co. I Acquisition Corp.","USD","NASDAQ Global Market","NASDAQ",
"MCAAU","Mountain & Co. I Acquisition Corp.","USD","NASDAQ Global Market","NASDAQ",
"LPAAW","Launch One Acquisition Corp.","USD","NASDAQ Global Market","NASDAQ",
"LPAAU","Launch One Acquisition Corp. Unit","null","Nasdaq","NASDAQ",
"LCAAW","L Catterton Asia Acquisition Corp.","USD","NASDAQ Capital Market","NASDAQ",
"LCAAU","L Catterton Asia Acquisition Corp","USD","NASDAQ Capital Market","NASDAQ",
"KMAAF","Komax Holding AG","USD","Other OTC","PNK",
"JVAAX","JPMorgan Value Advantage Fund","USD","NASDAQ","NASDAQ",
"JRAAX","Janus Henderson Research Fund Class A","USD","NASDAQ","NASDAQ",
"JCAAX","Janus Henderson Global Allocation Fund - Conservative","USD","NASDAQ","NASDAQ",
"IRAAW","Iris Acquisition Corp","USD","NASDAQ Capital Market","NASDAQ",
"IRAAU","Iris Acquisition Corp","USD","NASDAQ Capital Market","NASDAQ",
"HWAAX","Hotchkis & Wiley Value Opportunities Fund Class A","USD","NASDAQ","NASDAQ",
"HRAAX","Hartford Growth Allocation Fund","USD","NASDAQ","NASDAQ",
"HFAAX","Janus Henderson Developed World Bond Fund","USD","NASDAQ","NASDAQ",
"GGAAW","Genesis Growth Tech Acquisition Corp.","USD","NASDAQ Global Select","NASDAQ",
"GGAAU","Genesis Growth Tech Acquisition Corp.","USD","NASDAQ Global Market","NASDAQ",
"GGAAF","Genesis Growth Tech Acquisition Corp.","USD","Other OTC","PNK",
"GCAAF","Guardian Capital Group Limited","USD","Other OTC","PNK",
"FZAAX","Fidelity Advisor Balanced Fund Class Z","USD","NASDAQ","NASDAQ",
"FTAAW","FTAC Athena Acquisition Corp.","USD","NASDAQ Capital Market","NASDAQ",
"FTAAU","FTAC Athena Acquisition Corp.","USD","NASDAQ Capital Market","NASDAQ",
"DIAAF","Diamant Art Corp.","USD","Other OTC","PNK",
"CRAAX","Columbia Adaptive Risk Allocation Fund A","USD","NASDAQ","NASDAQ",
"CPAAW","Conyers Park III Acquisition Corp.","USD","NASDAQ Capital Market","NASDAQ",
"CPAAU","Conyers Park III Acquisition Corp.","USD","NASDAQ Capital Market","NASDAQ",
"CMAAX","Calvert Moderate Allocation Fund","USD","NASDAQ","NASDAQ",
"CHAAW","Catcha Investment Corp","USD","Other OTC","PNK",
"CGAAY","A2B Australia Limited","USD","Other OTC","PNK",
"CFAAX","American Funds Bond Fund of Amer 529A","USD","Nasdaq","NASDAQ",
"BIAAX","BlackRock Impact Bond Fund - Class A","USD","NASDAQ","NASDAQ",
"AYAAY","Ayala Land, Inc.","USD","Other OTC","PNK",
"AYAAF","Ayala Land, Inc.","USD","Other OTC","PNK",
"ATAAY","Atacadão S.A.","USD","Other OTC","PNK",
"ASAAF","AT & S Austria Technologie & Systemtechnik Aktiengesellschaft","USD","Other OTC","PNK",
"ARAAX","Horizon Active Risk Assist Fund - Advisor Class","USD","NASDAQ","NASDAQ",
"ARAAF","Aclara Resources Inc.","USD","Other OTC","PNK",
"APAAF","Appia Rare Earths & Uranium Corp.","USD","Other OTC","PNK",
"AKAAF","Aker ASA","USD","Other OTC","PNK",
"VUAA.L","Vanguard S&P 500 UCITS ETF","USD","London Stock Exchange","LSE",
"V3AA.L","Vanguard Funds Public Limited Company - Vanguard ESG Global All Cap UCITS ETF","USD","London Stock Exchange","LSE",
"SEAA.F","UBS (Lux) Fund Solutions – J.P. Morgan USD EM Diversified Bond 1-5 UCITS ETF","EUR","Frankfurt Stock Exchange","XETRA",
"LSAA.L","Life Settlement Assets PLC","USD","London Stock Exchange","LSE",
"IUAA.L","iShares US Aggregate Bond UCITS ETF","USD","London Stock Exchange","LSE",
"INAA.L","iShares MSCI North America UCITS ETF","GBp","London Stock Exchange","LSE",
"IGAA.L","iShares Emerging Asia Local Govt Bond UCITS ETF USD (Dist)","USD","London Stock Exchange","LSE",
"IEAA.L","iShares Core € Corp Bond UCITS ETF","EUR","London Stock Exchange","LSE",
"GMAA.L","Gama Aviation Plc","GBp","London Stock Exchange","LSE",
"CNAA.L","Lyxor MSCI China A (DR) UCITS ETF","USD","London Stock Exchange","LSE",
"0YAA.L","Nova Ltd.","ILS","London Stock Exchange","LSE",
"VUAA.MI","Vanguard S&P 500 UCITS ETF","EUR","Milan","MIL",
"VUAA.DE","Vanguard S&P 500 UCITS ETF","EUR","Frankfurt Stock Exchange","XETRA",
"STAA.JK","PT Sumber Tani Agung Resources Tbk","IDR","Jakarta Stock Exchange","JKT",
"SEAA.DE","UBS (Lux) Fund Solutions – J.P. Morgan USD EM Diversified Bond 1-5 UCITS ETF","EUR","Frankfurt Stock Exchange","XETRA",
"S4AA.DE","SMT Scharf AG","EUR","Frankfurt Stock Exchange","XETRA",
"PJAA.JK","PT Pembangunan Jaya Ancol Tbk","IDR","Jakarta Stock Exchange","JKT",
"MLAA.PA","L Agence Automobiliere","EUR","Paris","EURONEXT",
"INAA.SW","iShares MSCI North America UCITS ETF","USD","Swiss Exchange","SIX",
"HRAA.TO","Horizons ReSolve Adaptive Asset Allocation ETF","CAD","Toronto Stock Exchange","TSX",
"GIAA.JK","PT. Garuda Indonesia (Persero) Tbk","IDR","Jakarta Stock Exchange","JKT",
"ERAA.JK","PT Erajaya Swasembada Tbk","IDR","Jakarta Stock Exchange","JKT",
"EEAA.DE","BNP Paribas Easy FTSE EPRA/NAREIT Eurozone Capped","EUR","Frankfurt Stock Exchange","XETRA",
"CNAA.DE","Lyxor MSCI China A (DR) UCITS ETF","EUR","Frankfurt Stock Exchange","XETRA",
"CLAA-WT","Colonnade Acquisition Corp. II","USD","New York Stock Exchange","NYSE",
"CLAA-UN","Colonnade Acquisition Corp. II","USD","New York Stock Exchange","NYSE",
"CHAA-WT","Catcha Investment Corp. Redeema","USD","New York Stock Exchange","NYSE",
"CHAA-UN","Catcha Investment Corp","USD","New York Stock Exchange","NYSE",
"CGAA.TO","CI Global Asset Allocation Private Pool ETF","CAD","Toronto Stock Exchange","TSX",
"3SAA.MI","GraniteShares 3x Short Alibaba Daily ETP","EUR","Milan","MIL",
"3LAA.MI","GraniteShares 3x Long Alibaba Daily ETP","EUR","Milan","MIL",
"UJAAS.NS","Ujaas Energy Limited","INR","National Stock Exchange of India","NSE",
"MLAAT.PA","Azorean Aquatic Technologies, S.A.","EUR","Paris","EURONEXT",
"MLAAH.PA","Amatheon Agri Holding N.V.","EUR","Paris","EURONEXT",
"MLAAE.PA","Caire","EUR","Paris","EURONEXT",
"EMAAR.AE","Emaar Properties PJSC","AED","Dubai","DFM",
"TIAANC.BO","TIAAN CONSUMER LIMITED","INR","Bombay Stock Exchange","BSE",
"HMAAGRO.NS","HMA Agro Industries Limited","INR","National Stock Exchange of India","NSE",
"HMAAGRO.BO","HMA Agro Industries Limited","INR","Bombay Stock Exchange","BSE",
"EMAARDEV.AE","Emaar Development PJSC","AED","Dubai","DFM",
"VIAANINDUS.BO","Viaan Industries Limited","INR","Bombay Stock Exchange","BSE",
"UIGRX","USAA Growth Fund","USD","NASDAQ","NASDAQ",
"PHRMASI.BO","Phaarmasia Limited","INR","Bombay Stock Exchange","BSE",
"USPRX","USAA 500 Index Fund","USD","NASDAQ","NASDAQ",
"UEL.NS","Ujaas Energy Limited","INR","National Stock Exchange of India","NSE",
"ESARIND.BO","Esaar (India) Limited","INR","Bombay Stock Exchange","BSE",
"6696.T","TRaaS On Product Inc.","JPY","Tokyo","JPX",
"4220.SR","Emaar The Economic City","SAR","Saudi","SAU",
"4292.SR","Ataa Educational Company","SAR","Saudi","SAU",
"USNQX","USAA NASDAQ-100 Index Fund","USD","NASDAQ","NASDAQ",
"600909.SS","Huaan Securities Co., Ltd.","CNY","Shanghai","SHH",
"USWGX","USAA Sustainable World Fund","USD","NASDAQ","NASDAQ",
"TIEIX","TIAA-CREF Equity Index Fund","USD","NASDAQ","NASDAQ",
"CGH.L","Chaarat Gold Holdings Limited","GBp","London Stock Exchange","LSE",
"USSCX","USAA Science & Technology Fund","USD","NASDAQ","NASDAQ",
"TRLHX","TIAA-CREF Large Cap Value Fund","USD","NASDAQ","NASDAQ",
"TRLCX","TIAA-CREF Large Cap Value Fund","USD","NASDAQ","NASDAQ",
"TRGIX","TIAA-CREF Growth & Income Fund","USD","NASDAQ","NASDAQ",
"TIIRX","TIAA-CREF Growth & Income Fund","USD","NASDAQ","NASDAQ",
"TGIHX","TIAA-CREF Growth & Income Fund","USD","NASDAQ","NASDAQ",
"TCLCX","TIAA-CREF Large Cap Value Fund","USD","NASDAQ","NASDAQ",
"TSBBX","TIAA-CREF Core Impact Bond Fund","USD","NASDAQ","NASDAQ",
"TIRTX","TIAA-CREF Large Cap Growth Fund","USD","NASDAQ","NASDAQ",
"TILHX","TIAA-CREF Large Cap Growth Fund","USD","NASDAQ","NASDAQ",
"601015.SS","Shaanxi Heimao Coking Co., Ltd.","CNY","Shanghai","SHH",
"USBLX","USAA Growth and Tax Strategy Fund","USD","NASDAQ","NASDAQ",
"002109.SZ","Shaanxi Xinghua Chemistry Co.,Ltd","CNY","Shenzhen","SHZ",
"USAWX","USAA Sustainable World Fund Shares","USD","NASDAQ","NASDAQ",
"TRSCX","TIAA-CREF Social Choice Equity Fund","USD","NASDAQ","NASDAQ",
"TRPSX","TIAA-CREF Social Choice Equity Fund","USD","NASDAQ","NASDAQ",
"TVIIX","TIAA-CREF Lifecycle Index 2060 Instl","USD","Nasdaq","NASDAQ",
"000563.SZ","Shaanxi International Trust Co.,Ltd.","CNY","Shenzhen","SHZ",
"601225.SS","Shaanxi Coal Industry Company Limited","CNY","Shanghai","SHH",
"000561.SZ","Shaanxi Fenghuo Electronics Co., Ltd.","CNY","Shenzhen","SHZ",
"600984.SS","Shaanxi Construction Machinery Co.,Ltd","CNY","Shanghai","SHH",
"002267.SZ","Shaanxi Provincial Natural Gas Co.,Ltd","CNY","Shenzhen","SHZ",
"603139.SS","Shaanxi Kanghui Pharmaceutical Co., Ltd.","CNY","Shanghai","SHH",
"600343.SS","Shaanxi Aerospace Power Hi-Tech Co., Ltd.","CNY","Shanghai","SHH",
"4061.SR","Anaam International Holding Group Company","SAR","Saudi","SAU",
"USCRX","USAA Cornerstone Moderately Aggressive Fund","USD","NASDAQ","NASDAQ",
"003009.SZ","Shaanxi Zhongtian Rocket Technology Co., Ltd","CNY","Shenzhen","SHZ",
"USSPX","USAA Mutual Funds Trust - USAA 500 Index Fund","USD","NASDAQ","NASDAQ",
"TSBPX","TIAA-CREF Core Impact Bond Fund Premier Class","USD","NASDAQ","NASDAQ",
"TILPX","TIAA-CREF Large-Cap Growth Fund Premier Class","USD","NASDAQ","NASDAQ",
"TCLNX","TIAA-CREF Lifecycle 2030 Fund Retirement Class","USD","NASDAQ","NASDAQ",
"605033.SS","Shaanxi Meibang Pharmaceutical Group Co., Ltd.","CNY","Shanghai","SHH",
"TILRX","TIAA-CREF Large-Cap Growth Fund Retirement Class","USD","NASDAQ","NASDAQ",
"601568.SS","Shaanxi Beiyuan Chemical Industry Group Co., Ltd.","CNY","Shanghai","SHH",
"600379.SS","Shaanxi Baoguang Vacuum Electric Device Co., Ltd.","CNY","Shanghai","SHH",
"TRLIX","TIAA-CREF Large-Cap Value Fund Institutional Class","USD","NASDAQ","NASDAQ",
"TCREX","TIAA-CREF Real Estate Securities Fund Retail Class","USD","NASDAQ","NASDAQ",
"TSBIX","TIAA-CREF Core Impact Bond Fund Institutional Class","USD","NASDAQ","NASDAQ",
"USAGX","USAA Mutual Fds Tr Precious Metals and Minerals Fund","USD","NASDAQ","NASDAQ",
"TRIRX","TIAA-CREF Large Cap Growth Index Fund Retirement Class","USD","NASDAQ","NASDAQ",
"TLQIX","TIAA-CREF Lifecycle Index 2025 Fund Institutional Class","USD","NASDAQ","NASDAQ",
"TLLIX","TIAA-CREF Lifecycle Index 2050 Fund Institutional Class","USD","NASDAQ","NASDAQ",
"TLIIX","TIAA-CREF Quant Large-Cap Growth Fund Institutional Class","USD","NASDAQ","NASDAQ",
"002864.SZ","Shaanxi Panlong Pharmaceutical Group Limited By Share Ltd","CNY","Shenzhen","SHZ",
"600831.SS","Shaanxi Broadcast & TV Network Intermediary(Group)Co.,Ltd.","CNY","Shanghai","SHH",
"600248.SS","Shaanxi Construction Engineering Group Corporation Limited","CNY","Shanghai","SHH",
"000812.SZ","Shaanxi Jinye Science Technology and Education Group Co.,Ltd","CNY","Shenzhen","SHZ",
"TETAA","Teton Advisors, LLC","USD","Other OTC","PNK",
"SBSAA","Spanish Broadcasting System, Inc.","USD","Other OTC","PNK",
"RBPAA","16197","USD","NASDAQ","NASDAQ",
"RBCAA","Republic Bancorp, Inc.","USD","NASDAQ Global Select","NASDAQ",
"PARAA","Paramount Global","USD","NASDAQ Global Select","NASDAQ",
"MCRAA","McRae Industries, Inc.","USD","Other OTC","PNK",
"GRTAA","Griffin Realty Trust Inc.","USD","Other OTC","PNK",
"VIVAA.BO","Vivaa Tradecom Limited","INR","Bombay Stock Exchange","BSE",
"TANAA.BO","Taneja Aerospace and Aviation Limited","INR","Bombay Stock Exchange","BSE",
"NYKAA.NS","FSN E-Commerce Ventures Limited","INR","National Stock Exchange of India","NSE",
"NYKAA.BO","FSN E-Commerce Ventures Limited","INR","Bombay Stock Exchange","BSE",
"KOZAA.IS","Koza Anadolu Metal Madencilik Isletmeleri A.S.","TRY","Istanbul Stock Exchange","IST",
"ALFAA.MX","Alfa, S. A. B. de C. V.","MXN","Mexico","MEX",
"SMSAAM.SN","Sociedad Matriz SAAM S.A.","CLP","Santiago","SGO",
"RADAAN.NS","Radaan Mediaworks India Limited","INR","National Stock Exchange of India","NSE",
"RADAAN.BO","Radaan Mediaworks India Limited","INR","Bombay Stock Exchange","BSE",
"DEYAAR.AE","Deyaar Development PJSC","AED","Dubai","DFM",
"MAHAANF.BO","Mahaan Foods Limited","INR","Bombay Stock Exchange","BSE",
"DHYAANI.BO","DHYAANI TILE AND MARBLEZ LIMIT","INR","Bombay Stock Exchange","BSE",
"NOVAAGRI.NS","Nova Agritech Limited","INR","National Stock Exchange of India","NSE",
"AMRAAGRI.BO","Amraworld Agrico Limited","INR","Bombay Stock Exchange","BSE",
"TITAANIUM.BO","Titaanium Ten Enterprise Limited","INR","Bombay Stock Exchange","BSE",
"SHRAAITECH.BO","Shradha AI Technologies Limite","INR","Bombay Stock Exchange","BSE",
"BZRUSD","Bazaars USD","USD","CCC","CRYPTO",
"CAN","Canaan Inc.","USD","NASDAQ Global Market","NASDAQ",
"ZPAEUSD","ZelaaPayAE USD","USD","CCC","CRYPTO",
"CPKOF","Akwaaba Mining Ltd.","USD","Other OTC","PNK",
"6112.TW","Metaage Corporation","TWD","Taiwan","TAI",
"RSS.V","RESAAS Services Inc.","CAD","Toronto Stock Exchange Ventures","TSXV",
"RSASF","RESAAS Services Inc.","USD","Other OTC","PNK",
"ALBA.TA","Albaad Massuot Yitzhak Ltd","ILA","Tel Aviv","TLV",
"SHUAW","SHUAA Partners Acquisition Corp I","USD","NASDAQ Global Market","NASDAQ",
"SHUAU","SHUAA Partners Acquisition Corp I","USD","NASDAQ Global Market","NASDAQ",
"SHUA","SHUAA Partners Acquisition Corp I","USD","NASDAQ Global Market","NASDAQ",
"TTLPF.BK","Talaad Thai Leasehold Property Fund","THB","Thailand","SET",
"8060.SR","Walaa Cooperative Insurance Company","SAR","Saudi","SAU",
"AVVH","AVVAA World Health Care Products, Inc.","USD","Other OTC","PNK",
"BOYAF","Boyaa Interactive International Limited","USD","Other OTC","PNK",
"0434.HK","Boyaa Interactive International Limited","HKD","HKSE","HKSE",
"IISL.BO","Ishaan Infrastructures and Shelters Limited","INR","Bombay Stock Exchange","BSE",
"VISTAA.MX","Vista Energy, S.A.B. de C.V.","MXN","Mexico","MEX",
"SAVIAA.MX","Savia SA de CV","MXN","Mexico","MEX",
"PFIBAA.CO","PFA Invest Balance A","DKK","Copenhagen","CPH",
"NYIDAA.CO","Nykredit Invest Danske Aktier Akk KL","DKK","Copenhagen","CPH",
"NAYSAA.BO","Naysaa Securities Limited","INR","Bombay Stock Exchange","BSE",
"MMIGAA.CO","MMI Globale Aktier Akk. – Harding Loevner","DKK","Copenhagen","CPH",
"MAJVAA.CO","Maj Invest Value Aktier Akk","DKK","Copenhagen","CPH",
"LSIGAA.CO","Lån & Spar Invest - Globale Aktier Basis Akkumulerende","DKK","Copenhagen","CPH",
"KRSNAA.NS","Krsnaa Diagnostics Limited","INR","National Stock Exchange of India","NSE",
"KRSNAA.BO","Krsnaa Diagnostics Limited","INR","Bombay Stock Exchange","BSE",
"GISSAA.MX","Grupo Industrial Saltillo, S.A.B. de C.V.","MXN","Mexico","MEX",
"FPIGAA.CO","Formuepleje Globale Aktier - Akkumulerende","DKK","Copenhagen","CPH",
"BOLSAA.MX","Bolsa Mexicana de Valores, S.A.B. de C.V.","MXN","Mexico","MEX",
"BIVOAA.CO","Investeringsforeningen Bil Danmark - Selection Aktier Akk.- KL","DKK","Copenhagen","CPH",
"BAIGAA.CO","Investeringsforeningen Bankinvest Globale Aktier Akk A Fund","DKK","Copenhagen","CPH",
"BAIBAA.CO","Investeringsforeningen BankInvest - Børsnoterede Alternativer Akk. KL","DKK","Copenhagen","CPH",
"SEIDAAP.CO","SEBinvest - Danske Aktier Akkumulerende AKL","DKK","Copenhagen","CPH",
"PFIBAAK.CO","PFA Invest Balance A Akkumulere","DKK","Copenhagen","CPH",
"HARIAAPL.BO","Haria Apparels Limited","INR","Bombay Stock Exchange","BSE",
"BAIGAAUA.CO","Investeringsforeningen Bankinvest Globale Aktier Baeredygtig Udvikling A","DKK","Copenhagen","CPH",
"SURYAAMBA.BO","Suryaamba Spinning Mills Limited","INR","Bombay Stock Exchange","BSE",
"SHIVAAGRO.BO","Shiva Global Agro Industries Limited","INR","Bombay Stock Exchange","BSE",
"MUKTAARTS.NS","Mukta Arts Limited","INR","National Stock Exchange of India","NSE",
"MUKTAARTS.BO","Mukta Arts Limited","INR","Bombay Stock Exchange","BSE",
"JAMNAAUTO.NS","Jamna Auto Industries Limited","INR","National Stock Exchange of India","NSE",
"JAMNAAUTO.BO","Jamna Auto Industries Limited","INR","Bombay Stock Exchange","BSE",
"BAIGAAUAA.CO","Investeringsforeningen Bankinvest Globale Aktier Baeredygtig Udvikling Akk.A","DKK","Copenhagen","CPH",
"SEINAASRII.CO","SEBinvest AKL Nordamerika Aktie","DKK","Copenhagen","CPH",
"CWIGAAKKKLA.CO","C WorldWide Globale Aktier - AK","DKK","Copenhagen","CPH",
"CASUSD","Cashaa USD","USD","CCC","CRYPTO",
"MAX","MediaAlpha, Inc.","USD","New York Stock Exchange","NYSE",
"SBO.OL","Selvaag Bolig ASA","NOK","Oslo Stock Exchange","OSL",
"0Q92.L","Selvaag Bolig ASA","NOK","London Stock Exchange","LSE",
"3046.HK","ChinaAMC Ether ETF","HKD","HKSE","HKSE",
"4334.SR","Al Maather Reit Fund","SAR","Saudi","SAU",
"3042.HK","ChinaAMC Bitcoin ETF","HKD","HKSE","HKSE",
"TON.JO","Tongaat Hulett Limited","ZAc","Johannesburg","JNB",
"DIAMONDYD.NS","Prataap Snacks Limited","INR","National Stock Exchange of India","NSE",
"DIAMONDYD.BO","Prataap Snacks Limited","INR","Bombay Stock Exchange","BSE",
"3086.HK","ChinaAMC NASDAQ 100 ETF","HKD","HKSE","HKSE",
"83188.HK","ChinaAMC CSI 300 Index ETF","CNY","HKSE","HKSE",
"3143.HK","ChinaAMC Hong Kong Banks ETF","HKD","HKSE","HKSE",
"513300.SS","ChinaAMC NASDAQ 100 ETF(QDII)","CNY","Shanghai","SHH",
"3145.HK","ChinaAMC Asia High Dividend ETF","HKD","HKSE","HKSE",
"3088.HK","ChinaAMC Hang Seng TECH Index ETF","HKD","HKSE","HKSE",
"3160.HK","ChinaAMC MSCI Japan Hedged to USD ETF","HKD","HKSE","HKSE",
"3121.HK","ChinaAMC MSCI Asia Pacific Real Estate ETF","HKD","HKSE","HKSE",
"3141.HK","ChinaAMC Asia USD Investment Grade Bond ETF","HKD","HKSE","HKSE",
"3165.HK","ChinaAMC MSCI Europe Quality Hedged to USD ETF","HKD","HKSE","HKSE",
"CHMCF","ChinaAMC ETF Series - ChinaAMC CSI 300 Index ETF","USD","Other OTC","PNK",
"7261.HK","ChinaAMC NASDAQ-100 Index Daily (2x) Leveraged Product","HKD","HKSE","HKSE",
"7522.HK","ChinaAMC Direxion NASDAQ-100 Daily (-2x) Inverse Product","HKD","HKSE","HKSE",
"7331.HK","ChinaAMC Direxion NASDAQ-100 Daily (-1x) Inverse Product","HKD","HKSE","HKSE",
"7373.HK","ChinaAMC Direxion CSI 300 Index Daily (-1x) Inverse Product","HKD","HKSE","HKSE",
"7272.HK","ChinaAMC Direxion CSI 300 Index Daily (2x) Leveraged Product","HKD","HKSE","HKSE",
"3157.HK","ChinaAMC Hang Seng Stock Connect Hong Kong SmallCap Index ETF","HKD","HKSE","HKSE",
"82813.HK","ChinaAMC Bloomberg Barclays China Treasury + Policy Bank Bond Index ETF","CNY","HKSE","HKSE",
"GFAMSAA.MX","Grupo Famsa, S.A.B. de C.V.","MXN","Mexico","MEX",
"CODUSAA.MX","548","MXN","Mexico","MEX",
"BAIVGAA.CO","BankInvest Value Globale Aktier","DKK","Copenhagen","CPH",
"BAIHUAA.CO","BankInvest - Højt Udbytte Aktier KL","DKK","Copenhagen","CPH",
"BAIEMAA.CO","BankInvest Emerging Markets Aktier","DKK","Copenhagen","CPH",
"BAIDKAA.CO","BankInvest - Danske Aktier KL","DKK","Copenhagen","CPH",
"VEDAVAAG.BO","Vedavaag Systems Limited","INR","Bombay Stock Exchange","BSE",
"SAMBHAAV.NS","Sambhaav Media Limited","INR","National Stock Exchange of India","NSE",
"SAMBHAAV.BO","Sambhaav Media Limited","INR","Bombay Stock Exchange","BSE",
"BAIDKAAKA.CO","Bankinvest - Danske Aktier Akk. KL","DKK","Copenhagen","CPH",
"SYIGEAADKK.CO","Sydinvest Globale EM-Aktier KL","DKK","Copenhagen","CPH",
"SYIBDAADKK.CO","Investeringsforeningen Sydinvest Baeredygtige Aktier A Dkk","DKK","Copenhagen","CPH",
"SUERYAAKNI.BO","Sueryaa Knitwear Limited","INR","Bombay Stock Exchange","BSE",
"NDISTAAKL1.CO","Nordea Invest Stabile Aktier Akkumulerende","DKK","Copenhagen","CPH",
"AMBICAAGAR.NS","Ambica Agarbathies Aroma & Industries Limited","INR","National Stock Exchange of India","NSE",
"AMBICAAGAR.BO","Ambica Agarbathies Aroma & Industries Limited","INR","Bombay Stock Exchange","BSE",
"SPIBDAAKKKLA.CO","SPARINVEST BÆREDYGTIGE AKTIER AKK","DKK","Copenhagen","CPH",
"PMICTAAKLNEUR.CO","PP Capital - Tactical Asset Allocation","EUR","Copenhagen","CPH",
"300635.SZ","SinoDaan Co., Ltd.","CNY","Shenzhen","SHZ",
"KWS.SW","KWS SAAT SE & Co. KGaA","EUR","Swiss Exchange","SIX",
"KWS.DE","KWS SAAT SE & Co. KGaA","EUR","Frankfurt Stock Exchange","XETRA",
"KNKZF","KWS SAAT SE & Co. KGaA","USD","Other OTC","PNK",
"MCHA","Matchaah Holdings, Inc.","USD","Other OTC","PNK",
"TTAM.TA","Tiv Taam Holdings 1 Ltd.","ILA","Tel Aviv","TLV",
"TLEVISAA.MX","Grupo Televisa SAB","MXN","Mexico","MEX",
"SUVIDHAA.NS","Suvidhaa Infoserve Limited","INR","National Stock Exchange of India","NSE",
"SUVIDHAA.BO","Suvidhaa Infoserve Limited","INR","Bombay Stock Exchange","BSE",
"SPIBDVAA.CO","Sparinvest Bæredygtige Value Aktier","DKK","Copenhagen","CPH",
"IMAGICAA.NS","Imagicaaworld Entertainment Limited","INR","National Stock Exchange of India","NSE",
"IMAGICAA.BO","Imagicaaworld Entertainment Limited","INR","Bombay Stock Exchange","BSE",
"CYDSASAA.MX","Cydsa, S.A.B. de C.V.","MXN","Mexico","MEX",
"BIVOPRAA.CO","BankInvest Optima Rente Akk. KL","DKK","Copenhagen","CPH",
"ATLANTAA.BO","Atlantaa Limited","INR","Bombay Stock Exchange","BSE",
"ORTINLAABS.BO","Ortin Laboratories Limited","INR","Bombay Stock Exchange","BSE",
"MMIGLVAAKT.CO","Multi Manager Invest Globale Value Aktier","DKK","Copenhagen","CPH",
"BAIBDKAAUA.CO","BankInvest BIX DK Akt Ansvarlig","DKK","Copenhagen","CPH",
"MMIGLVAAKTAKK.CO","Multi Manager Invest Globale Value Aktier","DKK","Copenhagen","CPH",
"BAIBDKAAUAKKA.CO","BankInv BIX DK Akt Ansvarl Udvi","DKK","Copenhagen","CPH",
"BRRDF","Borregaard ASA","USD","Other OTC","PNK",
"BRG.OL","Borregaard ASA","NOK","Oslo Stock Exchange","OSL",
"BRGAY","Borregaard ASA","USD","Other OTC","PNK",
"TGVSL.BO","TGV SRAAC Limited","INR","Bombay Stock Exchange","BSE",
"4163.SR","Al-Dawaa Medical Services Company","SAR","Saudi","SAU",
"BAILDKOAA.CO","BankInvest Lange Danske Obligationer Akk. KL","DKK","Copenhagen","CPH",
"BAIGOAUAA.CO","BankInvest Globale Obligationer Ansvarlig Udvikling Akk. A","DKK","Copenhagen","CPH",
"JAINEX.BO","Jainex Aamcol Limited","INR","Bombay Stock Exchange","BSE",
"FICO","Fair Isaac Corporation","USD","New York Stock Exchange","NYSE",
"0TIQ.L","Fair Isaac Corporation","USD","London Stock Exchange","LSE",
"MTHH.CO","MT Højgaard Holding A/S","DKK","Copenhagen","CPH",
"6265.TWO","Kuen Chaang Uppertech Corp.","TWD","Taipei Exchange","TWO",
"APLY.NE","Apple (AAPL) Yield Shares Purpose ETF","CAD","Cboe CA","NEO",
"GRIEJD.CO","Gudme Raaschou Europæiske Ejendomsaktier","DKK","Copenhagen","CPH",
"TLKM.JK","Perusahaan Perseroan (Persero) PT Telekomunikasi Indonesia Tbk","IDR","Jakarta Stock Exchange","JKT",
"TLKMF","Perusahaan Perseroan (Persero) PT Telekomunikasi Indonesia Tbk","USD","Other OTC","PNK",
"TLK","Perusahaan Perseroan (Persero) PT Telekomunikasi Indonesia Tbk","USD","New York Stock Exchange","NYSE",
"XINSA.IS","BIST INSAAT","TRY","Istanbul Stock Exchange","INDEX",
"BGE.AX","Bridge SaaS Limited","AUD","Australian Securities Exchange","ASX",
"ZILLIONXOUSD","ZILLION AAKAR XO USD","USD","CCC","CRYPTO",
"ENKAI.IS","Enka Insaat ve Sanayi A.S.","TRY","Istanbul Stock Exchange","IST",
"EKIVF","Enka Insaat ve Sanayi A.S.","USD","Other OTC","PNK",
"601369.SS","Xi'an Shaangu Power Co., Ltd.","CNY","Shanghai","SHH",
"ICLO","Invesco Aaa Clo Floating Rate Note ETF","USD","BATS","ETF",
"QLTA","iShares Aaa - A Rated Corporate Bond ETF","USD","New York Stock Exchange Arca","AMEX",
"CLOX","Panagram AAA CLO ETF","USD","New York Stock Exchange Arca","AMEX",
"TEJASSVI.BO","TEJASSVI AAHARAM LIMITED","INR","Bombay Stock Exchange","BSE",
"SHVFL.BO","Shreevatsaa Finance and Leasing Limited","INR","Bombay Stock Exchange","BSE",
"BB-A-WETHUSD","Balancer Aave v3 Boosted Pool (WETH) USD","USD","CCC","CRYPTO",
"APLY","YieldMax AAPL Option Income Strategy ETF","USD","New York Stock Exchange Arca","AMEX",
"PGAS.JK","PT Perusahaan Gas Negara Tbk","IDR","Jakarta Stock Exchange","JKT",
"JHS.NS","JHS Svendgaard Laboratories Limited","INR","National Stock Exchange of India","NSE",
"JHS.BO","JHS Svendgaard Laboratories Limited","INR","Bombay Stock Exchange","BSE",
"002252.SZ","Shanghai RAAS Blood Products Co., Ltd.","CNY","Shenzhen","SHZ",
"PPLFY","PT Perusahaan Perkebunan London Sumatra Indonesia Tbk","USD","Other OTC","PNK",
"PPLFF","PT Perusahaan Perkebunan London Sumatra Indonesia Tbk","USD","Other OTC","PNK",
"LSIP.JK","PT Perusahaan Perkebunan London Sumatra Indonesia Tbk","IDR","Jakarta Stock Exchange","JKT",
"4191.SR","Abdullah Saad Mohammed Abo Moati for Bookstores Company","SAR","Saudi","SAU",
"TYRES.HE","Nokian Renkaat Oyj","EUR","Helsinki","HEL",
"NKRKY","Nokian Renkaat Oyj","USD","Other OTC","PNK",
"NKRKF","Nokian Renkaat Oyj","USD","Other OTC","PNK",
"603822.SS","Zhejiang Jiaao Enprotech Stock Co., Ltd","CNY","Shanghai","SHH",
"300412.SZ","Zhejiang Canaan Technology Limited","CNY","Shenzhen","SHZ",
"300559.SZ","Chengdu Jiafaantai Education Technology Co.,Ltd.","CNY","Shenzhen","SHZ",
"QGTA","IQ Leaders GTAA Tracker ETF","USD","New York Stock Exchange Arca","AMEX",
"PORF.AS","B.V. Delftsch Aardewerkfabriek "De Porceleyne Fles Anno 1653"","EUR","Amsterdam","EURONEXT",
"STO3.DE","Sto SE & Co. KGaA","EUR","Frankfurt Stock Exchange","XETRA",
"KSB.DE","KSB SE & Co. KGaA","EUR","Frankfurt Stock Exchange","XETRA",
"KSB3.DE","KSB SE & Co. KGaA","EUR","Frankfurt Stock Exchange","XETRA",
"0G5B.L","Sto SE & Co. KGaA","EUR","London Stock Exchange","LSE",
"FANG.L","GraniteShares FAANG ETC","USD","London Stock Exchange","LSE",
"NACP","Impact Shares NAACP Minority Empowerment ETF","USD","New York Stock Exchange Arca","AMEX",
"IS0Z.DE","iShares Global AAA-AA Govt Bond UCITS ETF USD (Dist)","EUR","Frankfurt Stock Exchange","XETRA",
"EDL.DE","Edel SE & Co. KGaA","EUR","Frankfurt Stock Exchange","XETRA",
"IFCM3.SA","Infracommerce CXaaS S.A.","BRL","São Paulo","SAO",
"BAIKLA.CO","Bæredygtige Klimaaktier Akk. Kl","DKK","Copenhagen","CPH",
"BAIBDA.CO","Bæredygtige Klimaaktier Akk. Kl","DKK","Copenhagen","CPH",
"600979.SS","Sichuan Guangan Aaapublic Co.,Ltd","CNY","Shanghai","SHH",
"GENK.BR","Genk Logistics Naamloze vennootschap","EUR","Brussels","EURONEXT",
"AVIV.TA","Mordechai Aviv Taasiot Beniyah (1973) Ltd.","ILA","Tel Aviv","TLV",
"USTB","VictoryShares USAA Core Short-Term Bond ETF","USD","New York Stock Exchange Arca","AMEX",
"ULVM","VictoryShares USAA MSCI USA Value Momentum ETF","USD","New York Stock Exchange Arca","AMEX",
"UITB","VictoryShares USAA Core Intermediate-Term Bond ETF","USD","New York Stock Exchange Arca","AMEX",
"USVM","VictoryShares USAA MSCI USA Small Cap Value Momentum ETF","USD","New York Stock Exchange Arca","AMEX",
"UIVM","VictoryShares USAA MSCI International Value Momentum ETF","USD","New York Stock Exchange Arca","AMEX",
"UEVM","VictoryShares USAA MSCI Emerging Markets Value Momentum ETF","USD","New York Stock Exchange Arca","AMEX",
"2HRA.DE","H&R GmbH & Co. KGaA","EUR","Frankfurt Stock Exchange","XETRA",
"0RRC.L","H&R GmbH & Co. KGaA","EUR","London Stock Exchange","LSE",
"AVHNY","Ackermans & Van Haaren NV","USD","Other OTC","PNK",
"AVHNF","Ackermans & Van Haaren NV","USD","Other OTC","PNK",
"ACKB.BR","Ackermans & Van Haaren NV","EUR","Brussels","EURONEXT",
"BB-A-DAIUSD","Balancer Boosted Aave DAI USD","USD","CCC","CRYPTO",
"SOTDF","Ströer SE & Co. KGaA","USD","Other OTC","PNK",
"SAX.DE","Ströer SE & Co. KGaA","EUR","Frankfurt Stock Exchange","XETRA",
"HENOY","Henkel AG & Co. KGaA","USD","Other OTC","PNK",
"HENOF","Henkel AG & Co. KGaA","USD","Other OTC","PNK",
"HENKY","Henkel AG & Co. KGaA","USD","Other OTC","PNK",
"HEN.DE","Henkel AG & Co. KGaA","EUR","Frankfurt Stock Exchange","XETRA",
"HEN3.SW","Henkel AG & Co. KGaA","EUR","Swiss Exchange","SIX",
"HEN3.F","Henkel AG & Co. KGaA","EUR","Frankfurt Stock Exchange","XETRA",
"HEN3.DE","Henkel AG & Co. KGaA","EUR","Frankfurt Stock Exchange","XETRA",
"HELKF","Henkel AG & Co. KGaA","USD","Other OTC","PNK",
"COBH.BR","Brouwerij Handelsmaatschappij NV","EUR","Brussels","EURONEXT",
"8012.SR","Aljazira Takaful Taawuni Company","SAR","Saudi","SAU",
"MUX.DE","Mutares SE & Co. KGaA","EUR","Frankfurt Stock Exchange","XETRA",
"HLLGY","HELLA GmbH & Co. KGaA","USD","Other OTC","PNK",
"HLKHF","HELLA GmbH & Co. KGaA","USD","Other OTC","PNK",
"HLE.SW","HELLA GmbH & Co. KGaA","EUR","Swiss Exchange","SIX",
"HLE.DE","HELLA GmbH & Co. KGaA","EUR","Frankfurt Stock Exchange","XETRA",
"PEK","VanEck Vectors ChinaAMC CSI 300 ETF","USD","New York Stock Exchange Arca","AMEX",
"IPCC.JK","PT Indonesia Kendaraan Terminal Tbk","IDR","Jakarta Stock Exchange","JKT",
"TTRAK.IS","Türk Traktör ve Ziraat Makineleri A.S.","TRY","Istanbul Stock Exchange","IST",
"XCX.DU","coinIX GmbH & Co. KGaA","EUR","Dusseldorf","DUS",
"MBK.DE","Merkur PrivatBank KgaA","EUR","Frankfurt Stock Exchange","XETRA",
"MOP.BR","Palmboomen Cultuur Maatschappij Mopoli (Palmeraies De Mopoli) N.V.","EUR","Brussels","EURONEXT",
"PGN.DE","paragon GmbH & Co. KGaA","EUR","Frankfurt Stock Exchange","XETRA",
"MLECO.PA","Ecolutions GmbH&Co KGaA","EUR","Paris","EURONEXT",
"FSNUY","Fresenius SE & Co. KGaA","USD","Other OTC","PNK",
"FSNUF","Fresenius SE & Co. KGaA","USD","Other OTC","PNK",
"FRE.SW","Fresenius SE & Co. KGaA","CHF","Swiss Exchange","SIX",
"FRE.DE","Fresenius SE & Co. KGaA","EUR","Frankfurt Stock Exchange","XETRA",
"0NFG.L","paragon GmbH & Co. KGaA","EUR","London Stock Exchange","LSE",
"DWRKF","Drägerwerk AG & Co. KGaA","USD","Other OTC","PNK",
"DRWKF","Drägerwerk AG & Co. KGaA","USD","Other OTC","PNK",
"DRW8.DE","Drägerwerk AG & Co. KGaA","EUR","Frankfurt Stock Exchange","XETRA",
"DRW3.DE","Drägerwerk AG & Co. KGaA","EUR","Frankfurt Stock Exchange","XETRA",
"DGWPF","Drägerwerk AG & Co. KGaA","USD","Other OTC","PNK",
"CWC.SW","CEWE Stiftung & Co. KGaA","EUR","Swiss Exchange","SIX",
"CWC.DE","CEWE Stiftung & Co. KGaA","EUR","Frankfurt Stock Exchange","XETRA",
"0MT8.L","Drägerwerk AG & Co. KGaA","EUR","London Stock Exchange","LSE",
"192090.KS","Mirae Asset TIGER ChinaA300 ETF","KRW","KSE","KSC",
"XBAT.DE","Xtrackers II Eurozone AAA Government Bond Swap UCITS ETF","EUR","Frankfurt Stock Exchange","XETRA",
"EVD.DE","CTS Eventim AG & Co. KGaA","EUR","Frankfurt Stock Exchange","XETRA",
"DWS.DE","DWS Group GmbH & Co. KGaA","EUR","Frankfurt Stock Exchange","XETRA",
"CEVMY","CTS Eventim AG & Co. KGaA","USD","Other OTC","PNK",
"CEVMF","CTS Eventim AG & Co. KGaA","USD","Other OTC","PNK",
"0SAY.L","DWS Group GmbH & Co. KGaA","EUR","London Stock Exchange","LSE",
"FTWO","EA Series Trust Strive FAANG 2.","USD","New York Stock Exchange Arca","AMEX",
"SFNG.L","GraniteShares 1x Short FAANG Daily ETC","USD","London Stock Exchange","LSE",
"3SFG.L","GraniteShares 3x Short FAANG Daily ETC","USD","London Stock Exchange","LSE",
"ULUSE.IS","Ulusoy Elektrik Imalat Taahhüt ve Ticaret A.S.","TRY","Istanbul Stock Exchange","IST",
"XBAI.DE","Xtrackers II - Eurozone AAA Government Bond Swap UCITS ETF","EUR","Frankfurt Stock Exchange","XETRA",
"1SXP.F","SCHOTT Pharma AG & Co. KGaA","EUR","Frankfurt Stock Exchange","XETRA",
"GABUX","Gabelli Utilities Fd Class AAA","USD","NASDAQ","NASDAQ",
"MCC.BR","Immo Mechelen City Center Naamloze vennootschap","EUR","Brussels","EURONEXT",
"HBH.DE","HORNBACH Holding AG & Co. KGaA","EUR","Frankfurt Stock Exchange","XETRA",
"HBH3.SW","HORNBACH Holding AG & Co. KGaA","EUR","Swiss Exchange","SIX",
"HBBHF","HORNBACH Holding AG & Co. KGaA","USD","Other OTC","PNK",
"PRRCF","ProCredit Holding AG & Co. KGaA","USD","Other OTC","PNK",
"PCZ.DE","ProCredit Holding AG & Co. KGaA","EUR","Frankfurt Stock Exchange","XETRA",
"0RL9.L","ProCredit Holding AG & Co. KGaA","EUR","London Stock Exchange","LSE",
"COP.DE","CompuGroup Medical SE & Co. KGaA","EUR","Frankfurt Stock Exchange","XETRA",
"CMPVF","CompuGroup Medical SE & Co. KGaA","USD","Other OTC","PNK",
"CMPUY","CompuGroup Medical SE & Co. KGaA","USD","Other OTC","PNK",
"0MSD.L","CompuGroup Medical SE & Co. KGaA","EUR","London Stock Exchange","LSE",
"GOLDX","Gabelli Gold Fund, Inc. Class AAA","USD","NASDAQ","NASDAQ",
"GABGX","The Gabelli Growth Fund Class AAA","USD","NASDAQ","NASDAQ",
"NCH2.DE","thyssenkrupp nucera AG & Co. KGaA","EUR","Frankfurt Stock Exchange","XETRA",
"WESWX","TETON Westwood Equity Fund Class AAA","USD","NASDAQ","NASDAQ",
"YAYLA.IS","Yayla Enerji Üretim Turizm ve Insaat Ticaret A.S.","TRY","Istanbul Stock Exchange","IST",
"FMS","Fresenius Medical Care AG & Co. KGaA","USD","New York Stock Exchange","NYSE",
"FME.SW","Fresenius Medical Care AG & Co. KGaA","CHF","Swiss Exchange","SIX",
"FME.DE","Fresenius Medical Care AG & Co. KGaA","EUR","Frankfurt Stock Exchange","XETRA",
"FMCQF","Fresenius Medical Care AG & Co. KGaA","USD","Other OTC","PNK",
"VIGB.DE","VanEck iBoxx EUR Sovereign Capped AAA-AA 1-5 UCITS ETF","EUR","Frankfurt Stock Exchange","XETRA",
"TAT.AS","VanEck iBoxx EUR Sovereign Capped AAA-AA 1-5 UCITS ETF","EUR","Amsterdam","EURONEXT",
"TAGB.L","VanEck iBoxx EUR Sovereign Capped AAA-AA 1-5 UCITS ETF","GBP","London Stock Exchange","LSE",
"WEBAX","TETON Westwood Balanced Fund Class AAA","USD","NASDAQ","NASDAQ",
"CLOA","BlackRock ETF Trust II - BlackRock AAA CLO ETF","USD","NASDAQ Global Market","NASDAQ",
"HPBK.DE","Heliad Equity Partners GmbH & Co. KGaA","EUR","Frankfurt Stock Exchange","XETRA",
"GVCAX","The Gabelli Value 25 Fund Inc. Class AAA","USD","NASDAQ","NASDAQ",
"GABBX","The Gabelli Dividend Growth Fd Class AAA","USD","NASDAQ","NASDAQ",
"SGF.DE","SGT German Private Equity GmbH & Co. KGaA","EUR","Frankfurt Stock Exchange","XETRA",
"GAI.DE","SGT German Private Equity GmbH & Co. KGaA","EUR","XETRA","XETRA",
"UEFY.DE","UBS (Lux) Fund Solutions – SBI Foreign AAA-BBB 1-5 ESG UCITS ETF","EUR","Frankfurt Stock Exchange","XETRA",
"UEFZ.DE","UBS (Lux) Fund Solutions – SBI Foreign AAA-BBB 5-10 ESG UCITS ETF","EUR","Frankfurt Stock Exchange","XETRA",
"AULRF","AURELIUS Equity Opportunities SE & Co. KGaA","USD","Other OTC","PNK",
"AR4.DE","AURELIUS Equity Opportunities SE & Co. KGaA","EUR","Frankfurt Stock Exchange","XETRA",
"WESRX","TETON Convertible Securities Fund - Class AAA","USD","NASDAQ","NASDAQ",
"NC5A.DE","NorCom Information Technology GmbH & Co. KGaA","EUR","Frankfurt Stock Exchange","XETRA",
"GIGRX","Gabelli International Growth Fund, Inc. Class AAA","USD","NASDAQ","NASDAQ",
"GWSVX","The Gabelli Focused Growth And Income Fund Class AAA","USD","NASDAQ","NASDAQ",
"ACAEUC.CO","Aif-Vaerdipapirfonden Accunia Invest European Clo Aaa/Aa.(Kl)","DKK","Copenhagen","CPH",
"S6P.DE","Spielvereinigung Unterhaching Fußball GmbH & Co. KGaA","EUR","Frankfurt Stock Exchange","XETRA",
